name.firstName,name.lastName,age,address.line1,address.line2,address.city,address.state,gender,nickname.first.home.hey
Rohit,Prasad,35,A-563 Rakshak Society,New Pune Road,Pune,Maharashtra,male,roho
Rohit,Jain,35,A-563 Rakshak Society,New Pune Road,Pune,Karnataka,female,rojo
Rohit,Jain,35,A-563 Rakshak Society,New Pune Road,Pune,Karnataka,female,rojo
Rohit,Jain,35,A-563 Rakshak Society,New Pune Road,Pune,Karnataka,female,rojo
Rohit,Jain,35,A-563 Rakshak Society,New Pune Road,Pune,Karnataka,female,rojo
Rohit,Jain,35,A-563 Rakshak Society,New Pune Road,Pune,Karnataka,female,rojo
Rohit,Jain,35,A-563 Rakshak Society,New Pune Road,Pune,Karnataka,female,rojo
Rohit,Jain,35,A-563 Rakshak Society,New Pune Road,Pune,Karnataka,female,rojo
Rohit,Jain,35,A-563 Rakshak Society,New Pune Road,Pune,Karnataka,female,rojo
Rohit,Jain,35,A-563 Rakshak Society,New Pune Road,Pune,Karnataka,female,rojo
Rohit,Jain,35,A-563 Rakshak Society,New Pune Road,Pune,Karnataka,female,rojo
Rohit,Jain,35,A-563 Rakshak Society,New Pune Road,Pune,Karnataka,female,rojo
Rohit,Jain,35,A-563 Rakshak Society,New Pune Road,Pune,Karnataka,female,rojo
Rohit,Jain,35,A-563 Rakshak Society,New Pune Road,Pune,Karnataka,female,rojo
Rohit,Jain,35,A-563 Rakshak Society,New Pune Road,Pune,Karnataka,female,rojo